term,estimate,std_error,p_value,fold,fit_window,n_train,poisson_dispersion,poisson_aic,family,nb_alpha,nb_aic,nb_converged
const,-6.294511024907086,0.5727615689798908,4.280723966160017e-28,validation,2015-2017,7573,5.581,43044.0,negative_binomial,1.5779,28656.5,True
log_aadt,0.698148465476394,0.05148284147134554,6.838706735608237e-42,validation,2015-2017,7573,5.581,43044.0,negative_binomial,1.5779,28656.5,True
truck_pct,0.015360351970865506,0.005995627921030693,0.010409364924109751,validation,2015-2017,7573,5.581,43044.0,negative_binomial,1.5779,28656.5,True
posted_speed,0.013263811607526295,0.005340008595090677,0.012996840579014932,validation,2015-2017,7573,5.581,43044.0,negative_binomial,1.5779,28656.5,True
lanes,-0.24326189967199446,0.13220978226027671,0.0657727899849972,validation,2015-2017,7573,5.581,43044.0,negative_binomial,1.5779,28656.5,True
divided_share,-0.537136320484135,0.33495048311813774,0.10879584645536026,validation,2015-2017,7573,5.581,43044.0,negative_binomial,1.5779,28656.5,True
alpha,1.5779098722986715,0.12947442929631162,3.644248885963667e-34,validation,2015-2017,7573,5.581,43044.0,negative_binomial,1.5779,28656.5,True
const,-6.448066266190632,0.5241539436143517,8.851667139189467e-35,test,2015-2020,7573,9.348,68433.5,negative_binomial,1.4303,36998.5,True
log_aadt,0.7305053194589514,0.04693944767757436,1.3044287649510013e-54,test,2015-2020,7573,9.348,68433.5,negative_binomial,1.4303,36998.5,True
truck_pct,0.015909435359694114,0.005774695274782614,0.005868747982917227,test,2015-2020,7573,9.348,68433.5,negative_binomial,1.4303,36998.5,True
posted_speed,0.009670662491645766,0.0053595674692049795,0.07117274586671944,test,2015-2020,7573,9.348,68433.5,negative_binomial,1.4303,36998.5,True
lanes,-0.21973278304189373,0.12309204396449988,0.07424354945193248,test,2015-2020,7573,9.348,68433.5,negative_binomial,1.4303,36998.5,True
divided_share,-0.5331915017573465,0.31195232090120845,0.08741236860299116,test,2015-2020,7573,9.348,68433.5,negative_binomial,1.4303,36998.5,True
alpha,1.430272441764305,0.10537308489947415,5.757699424372585e-42,test,2015-2020,7573,9.348,68433.5,negative_binomial,1.4303,36998.5,True
