fold,metric,value
validation,spearman_history_vs_future,0.6998
validation,spearman_B1_vs_future,0.4512
validation,spearman_B0_vs_B1,0.438
validation,pearson_log1p_history_vs_future,0.766
validation,B0_top5_median_B1_percentile,0.7545
validation,B0_top5_share_also_in_B1_top5_miles,0.1118
validation,zero_history_segments,2823.0
validation,zero_history_share_of_miles,0.3647
validation,zero_history_share_of_future_collisions,0.0625
validation,zero_history_future_rate,0.1462
validation,nonzero_history_future_rate,1.2588
validation,within_zero_history_spearman_B1,0.2367
validation,within_zero_history_capture5_B1,0.1039
validation,within_nonzero_history_spearman_B0,0.6641
validation,within_nonzero_history_spearman_B1,0.3656
validation,share_variance_between_highways_log_B1,0.7972
validation,share_variance_between_highways_log1p_future_rate,0.3125
validation,share_variance_between_highways_log1p_B0,0.3217
validation,by_highway_highways,50.0
validation,by_highway_median_spearman_B0,0.5185
validation,by_highway_median_spearman_B1,0.2689
validation,by_highway_share_B0_higher,0.84
test,spearman_history_vs_future,0.7229
test,spearman_B1_vs_future,0.4419
test,spearman_B0_vs_B1,0.4591
test,pearson_log1p_history_vs_future,0.804
test,B0_top5_median_B1_percentile,0.7938
test,B0_top5_share_also_in_B1_top5_miles,0.1146
test,zero_history_segments,2835.0
test,zero_history_share_of_miles,0.3666
test,zero_history_share_of_future_collisions,0.0679
test,zero_history_future_rate,0.1278
test,nonzero_history_future_rate,1.0155
test,within_zero_history_spearman_B1,0.1765
test,within_zero_history_capture5_B1,0.0669
test,within_nonzero_history_spearman_B0,0.695
test,within_nonzero_history_spearman_B1,0.362
test,share_variance_between_highways_log_B1,0.802
test,share_variance_between_highways_log1p_future_rate,0.3058
test,share_variance_between_highways_log1p_B0,0.3224
test,by_highway_highways,50.0
test,by_highway_median_spearman_B0,0.6053
test,by_highway_median_spearman_B1,0.2413
test,by_highway_share_B0_higher,0.9
