metric,value
segments,7573.0
pct_segments_with_aadt_overlap,99.76
pct_segments_aadt_fully_covered,99.72
pct_segments_aadt_imputed,0.24
segments_aadt_imputed,18.0
pct_segments_with_truck_pct,100.0
pct_segments_with_speed,100.0
pct_segments_with_lanes,100.0
pct_segments_divided_any,14.71
aadt_p00,12.0
aadt_p05,170.0
aadt_p25,620.0
aadt_p50,2707.44
aadt_p75,8640.0
aadt_p95,31400.372
aadt_p100,167917.63
log_aadt_p00,2.485
log_aadt_p05,5.136
log_aadt_p25,6.43
log_aadt_p50,7.904
log_aadt_p75,9.064
log_aadt_p95,10.355
log_aadt_p100,12.031
truck_pct_p00,1.48
truck_pct_p05,4.894
truck_pct_p25,12.85
truck_pct_p50,22.386
truck_pct_p75,31.0
truck_pct_p95,45.8
truck_pct_p100,60.3
posted_speed_p00,20.0
posted_speed_p05,37.135
posted_speed_p25,55.0
posted_speed_p50,55.0
posted_speed_p75,55.0
posted_speed_p95,70.0
posted_speed_p100,70.0
lanes_p00,1.0
lanes_p05,2.0
lanes_p25,2.0
lanes_p50,2.0
lanes_p75,2.39
lanes_p95,4.0
lanes_p100,8.56
